
{
    "region" : "us-east-1",
    "configuration" : "Debug",
    "framework"     : "netcoreapp3.1",
    "self-contained" : false,
    "application"    : "Streamer",
    "environment"    : "Streamer-dev",
    "enable-xray"    : false,
    "enhanced-health-type" : "basic",
    "additional-options"   : "\"aws:autoscaling:launchconfiguration,SecurityGroups\"=\"sg-0557ec8ee837b05e9\";\"aws:ec2:vpc,Subnets\"=\"subnet-0ccef2dd12a62190d\"",
    "solution-stack"       : "64bit Amazon Linux 2 v2.3.4 running .NET Core",
    "environment-type"     : "SingleInstance",
    "cname"                : "streamer-dev",
    "instance-type"        : "t2.small",
    "key-pair"             : "ZipS3File",
    "instance-profile"     : "aws-elasticbeanstalk-ec2-role",
    "service-role"         : "aws-elasticbeanstalk-service-role",
    "proxy-server"         : "nginx"
}