
{
    "region" : "ap-south-1",
    "configuration" : "Release",
    "framework"     : "netcoreapp3.1",
    "self-contained" : false,
    "application"    : "zipzapzwoop",
    "environment"    : "zipzapzwoop-prod",
    "enable-xray"    : false,
    "enhanced-health-type" : "basic",
    "additional-options"   : "\"aws:autoscaling:launchconfiguration,SecurityGroups\"=\"sg-0f2dbcfc22d70d22f\";\"aws:ec2:vpc,Subnets\"=\"subnet-027eb08e8a7e9fe19\";\"aws:ec2:vpc,ELBSubnets\"=\"subnet-027eb08e8a7e9fe19,subnet-024e8ca75221f3aab,subnet-0899879d83c4fff27\"",
    "solution-stack"       : "64bit Amazon Linux 2 v2.3.4 running .NET Core",
    "environment-type"     : "LoadBalanced",
    "cname"                : "zipzapzwoop-prod",
    "instance-type"        : "t3a.nano",
    "key-pair"             : "Z3FileZipper",
    "instance-profile"     : "aws-elasticbeanstalk-ec2-role",
    "service-role"         : "aws-elasticbeanstalk-service-role",
    "proxy-server"         : "nginx",
    "loadbalancer-type"    : "classic",
    "health-check-url"     : "/"
}