
{
    "region" : "us-east-1",
    "configuration" : "Debug",
    "framework"     : "netcoreapp3.1",
    "self-contained" : false,
    "application"    : "Streamer",
    "environment"    : "Streamer-test",
    "enable-xray"    : false,
    "enhanced-health-type" : "basic",
    "additional-options"   : "\"aws:autoscaling:launchconfiguration,SecurityGroups\"=\"sg-0557ec8ee837b05e9\";\"aws:ec2:vpc,Subnets\"=\"subnet-0ccef2dd12a62190d\"",
    "solution-stack"       : "64bit Windows Server Core 2019 v2.10.6 running IIS 10.0",
    "environment-type"     : "SingleInstance",
    "cname"                : "streamer-test",
    "instance-type"        : "t3a.medium",
    "key-pair"             : "ZipS3File",
    "instance-profile"     : "aws-elasticbeanstalk-ec2-role",
    "service-role"         : "aws-elasticbeanstalk-service-role",
    "proxy-server"         : "nginx",
    "loadbalancer-type"    : "application",
    "health-check-url"     : "/",
    "app-path"             : "/",
    "iis-website"          : "Default Web Site"
}