
{
    "region" : "ap-south-1",
    "configuration" : "Release",
    "framework"     : "netcoreapp3.1",
    "self-contained" : false,
    "application"    : "Streamer",
    "environment"    : "Streamer-dev",
    "enable-xray"    : false,
    "enhanced-health-type" : "basic",
    "additional-options"   : "\"aws:autoscaling:launchconfiguration,SecurityGroups\"=\"sg-0f2dbcfc22d70d22f\";\"aws:ec2:vpc,Subnets\"=\"subnet-027eb08e8a7e9fe19\"",
    "solution-stack"       : "64bit Amazon Linux 2 v2.3.4 running .NET Core",
    "environment-type"     : "SingleInstance",
    "cname"                : "streamer-dev",
    "instance-type"        : "t3a.small",
    "key-pair"             : "Z3FileZipper",
    "instance-profile"     : "aws-elasticbeanstalk-ec2-role",
    "service-role"         : "aws-elasticbeanstalk-service-role",
    "proxy-server"         : "nginx"
}