
{
    "region" : "ap-south-1",
    "configuration" : "Debug",
    "framework"     : "netcoreapp3.1",
    "self-contained" : false,
    "application"    : "Streamer",
    "environment"    : "Streamer-test",
    "enable-xray"    : false,
    "enhanced-health-type" : "basic",
    "additional-options"   : "\"aws:autoscaling:launchconfiguration,SecurityGroups\"=\"sg-0f2dbcfc22d70d22f\";\"aws:ec2:vpc,Subnets\"=\"subnet-027eb08e8a7e9fe19\";\"aws:ec2:vpc,ELBSubnets\"=\"subnet-027eb08e8a7e9fe19,subnet-024e8ca75221f3aab,subnet-0899879d83c4fff27\"",
    "solution-stack"       : "64bit Windows Server Core 2019 v2.10.6 running IIS 10.0",
    "environment-type"     : "LoadBalanced",
    "cname"                : "streamer-test",
    "instance-type"        : "t3a.medium",
    "key-pair"             : "Z3FileZipper",
    "instance-profile"     : "aws-elasticbeanstalk-Streamer-test",
    "service-role"         : "aws-elasticbeanstalk-service-role",
    "proxy-server"         : "nginx",
    "loadbalancer-type"    : "application",
    "health-check-url"     : "/",
    "app-path"             : "/",
    "iis-website"          : "Default Web Site"
}