
{
    "region" : "ap-south-1",
    "configuration" : "Release",
    "framework"     : "netcoreapp3.1",
    "self-contained" : false,
    "application"    : "Streamer",
    "environment"    : "Streamer-prod",
    "enable-xray"    : false,
    "enhanced-health-type" : "enhanced",
    "additional-options"   : "",
    "solution-stack"       : "64bit Amazon Linux 2 v2.3.4 running .NET Core",
    "environment-type"     : "LoadBalanced",
    "cname"                : "zipzapzwoop-prod",
    "instance-type"        : "t3a.nano",
    "key-pair"             : "Z3FileZipper",
    "instance-profile"     : "aws-elasticbeanstalk-ec2-role",
    "service-role"         : "aws-elasticbeanstalk-service-role",
    "proxy-server"         : "nginx",
    "loadbalancer-type"    : "classic",
    "health-check-url"     : "/"
}