
{
    "region" : "us-east-1",
    "configuration" : "Release",
    "framework"     : "netcoreapp3.1",
    "self-contained" : false,
    "application"    : "Streamer",
    "environment"    : "Streamer-dev",
    "enable-xray"    : false,
    "enhanced-health-type" : "basic",
    "additional-options"   : "\"aws:autoscaling:launchconfiguration,SecurityGroups\"=\"sg-0557ec8ee837b05e9\";\"aws:ec2:vpc,Subnets\"=\"subnet-0ccef2dd12a62190d\";\"aws:ec2:vpc,ELBSubnets\"=\"subnet-0ccef2dd12a62190d,subnet-0233608b5b887124a,subnet-044c997e4c467d9a2,subnet-0b86449c9322ebf4c,subnet-0b33289374643d385,subnet-0d076a7ce34a7081d\"",
    "solution-stack"       : "64bit Amazon Linux 2 v2.3.4 running .NET Core",
    "environment-type"     : "LoadBalanced",
    "cname"                : "streamer-dev",
    "instance-type"        : "t3a.medium",
    "key-pair"             : "ZipS3File",
    "instance-profile"     : "aws-elasticbeanstalk-ec2-role",
    "service-role"         : "aws-elasticbeanstalk-service-role",
    "proxy-server"         : "nginx",
    "loadbalancer-type"    : "application",
    "health-check-url"     : "/"
}